model,brand
integra,acura
legend,acura
vigor,acura
rlx,acura
ilx,acura
mdx,acura
rdx,acura
tsx,acura
rsx,acura
tlx,acura
mdx sport hybrid,acura
rlx sport hybrid,acura
tl,acura
zdx,acura
rl,acura
cl,acura
slx,acura
4c spider,alfa romeo
stelvio,alfa romeo
giulia,alfa romeo
4c,alfa romeo
164,alfa romeo
spider,alfa romeo
vanquish s,aston martin
db11,aston martin
rapide s,aston martin
vanquish,aston martin
vantage,aston martin
db9 gt,aston martin
db9,aston martin
rapide,aston martin
dbs,aston martin
virage,aston martin
quattro,audi
a4,audi
a6,audi
a5,audi
a7,audi
q3,audi
q5,audi
q7,audi
a8,audi
a3,audi
sq5,audi
r8,audi
q8,audi
rs 5,audi
s5,audi
a4 allroad,audi
e-tron,audi
rs 3,audi
s3,audi
s4,audi
tt,audi
a3 sportback e-tron,audi
s7,audi
s6,audi
s8,audi
rs 7,audi
a5 sport,audi
allroad,audi
rs 4,audi
a4 (2005.5),audi
s4 (2005.5),audi
rs 6,audi
cabriolet,audi
90,audi
100,audi
80,audi
a6 allroad,audi
bentayga,bentley
flying spur,bentley
continental,bentley
mulsanne,bentley
azure t,bentley
brooklands,bentley
arnage,bentley
azure,bentley
3-series,bmw
5-series,bmw
6-series,bmw
4-series,bmw
xdrive,bmw
alpina,bmw
330ci,bmw
328i,bmw
330c,bmw
335i,bmw
335d,bmw
528i,bmw
535i,bmw
128i,bmw
640i,bmw
3er,bmw
5er,bmw
m5,bmw
m3,bmw
m6,bmw
bmws,bmw
bmwesque,bmw
3 series,bmw
x3,bmw
7 series,bmw
x7,bmw
x5,bmw
4 series,bmw
2 series,bmw
5 series,bmw
i8,bmw
8 series,bmw
i3,bmw
6 series,bmw
m4,bmw
x6 m,bmw
x2,bmw
x1,bmw
x6,bmw
x4,bmw
m2,bmw
z4,bmw
x5 m,bmw
1 series,bmw
z4 m,bmw
alpina b7,bmw
z8,bmw
z3,bmw
m,bmw
park avenue,buick
la crosse,buick
lacrosse,buick
century,buick
enclave,buick
encore,buick
regal,buick
buicks,buick
envision,buick
regal sportback,buick
regal tourx,buick
cascada,buick
verano,buick
lucerne,buick
rendezvous,buick
terraza,buick
rainier,buick
lesabre,buick
riviera,buick
skylark,buick
roadmaster,buick
encore gx,buick
escalade,cadillac
srx,cadillac
xts,cadillac
escalade esv,cadillac
xt6,cadillac
xt5,cadillac
xt4,cadillac
ct6-v,cadillac
ct5,cadillac
cts-v,cadillac
ct6,cadillac
cts,cadillac
ats-v,cadillac
ats,cadillac
elr,cadillac
escalade ext,cadillac
dts,cadillac
sts,cadillac
xlr,cadillac
deville,cadillac
seville,cadillac
eldorado,cadillac
catera,cadillac
fleetwood,cadillac
allante,cadillac
sixty special,cadillac
brougham,cadillac
ct4,cadillac
cars,car
grand blazer,chevrolet
trailblazer,chevrolet
trailblazer,chevrolet
silverado,chevrolet
colorado,chevrolet
corvette,chevrolet
suburban,chevrolet
cavalier,chevrolet
caprice,chevrolet
captiva,chevrolet
equinox,chevrolet
express,chevrolet
lacetti,chevrolet
montana,chevrolet
uplander,chevrolet
orlando,chevrolet
tornado,chevrolet
tracker,chevrolet
traverse,chevrolet
caprice,chevrolet
captiva,chevrolet
equinox,chevrolet
express,chevrolet
camaro,chevrolet
cobalt,chevrolet
impala,chevrolet
lumina,chevrolet
malibu,chevrolet
prisma,chevrolet
tavera,chevrolet
camaro,chevrolet
cobalt,chevrolet
impala,chevrolet
lumina,chevrolet
malibu,chevrolet
tavera,chevrolet
agile,chevrolet
celta,chevrolet
cruze,chevrolet
lanos,chevrolet
omega,chevrolet
optra,chevrolet
sonic,chevrolet
spark,chevrolet
tahoe,chevrolet
agile,chevrolet
cruze,chevrolet
sonic,chevrolet
spark,chevrolet
aveo,chevrolet
lova,chevrolet
n200,chevrolet
niva,chevrolet
onix,chevrolet
s-10,chevrolet
sail,chevrolet
volt,chevrolet
aveo,chevrolet
volt,chevrolet
chevy,chevrolet
malibus,chevrolet
suburban,chevrolet
corvette,chevrolet
silverado 2500 hd crew cab,chevrolet
colorado crew cab,chevrolet
silverado 3500 hd crew cab,chevrolet
blazer,chevrolet
silverado 1500 crew cab,chevrolet
bolt ev,chevrolet
trax,chevrolet
express 2500 cargo,chevrolet
colorado extended cab,chevrolet
express 2500 passenger,chevrolet
express 3500 passenger,chevrolet
silverado 2500 hd double cab,chevrolet
silverado 1500 regular cab,chevrolet
express 3500 cargo,chevrolet
silverado 1500 ld double cab,chevrolet
silverado 2500 hd regular cab,chevrolet
silverado 1500 double cab,chevrolet
suburban 3500hd,chevrolet
city express,chevrolet
silverado 3500 hd double cab,chevrolet
silverado 3500 hd regular cab,chevrolet
ss,chevrolet
cruze limited,chevrolet
impala limited,chevrolet
malibu limited,chevrolet
spark ev,chevrolet
captiva sport,chevrolet
express 1500 cargo,chevrolet
express 1500 passenger,chevrolet
suburban 1500,chevrolet
avalanche,chevrolet
silverado 2500 hd extended cab,chevrolet
silverado 3500 hd extended cab,chevrolet
silverado 1500 extended cab,chevrolet
suburban 2500,chevrolet
colorado regular cab,chevrolet
hhr,chevrolet
malibu (classic),chevrolet
uplander cargo,chevrolet
uplander passenger,chevrolet
silverado (classic) 3500 extended cab,chevrolet
silverado (classic) 2500 hd crew cab,chevrolet
silverado (classic) 1500 crew cab,chevrolet
silverado (classic) 1500 regular cab,chevrolet
silverado (classic) 1500 extended cab,chevrolet
silverado (classic) 1500 hd crew cab,chevrolet
silverado (classic) 3500 crew cab,chevrolet
monte carlo,chevrolet
silverado (classic) 3500 regular cab,chevrolet
silverado (classic) 2500 hd regular cab,chevrolet
silverado (classic) 2500 hd extended cab,chevrolet
avalanche 2500,chevrolet
avalanche 1500,chevrolet
ssr,chevrolet
silverado 3500 crew cab,chevrolet
silverado 3500 extended cab,chevrolet
silverado 3500 regular cab,chevrolet
silverado 1500 hd crew cab,chevrolet
astro cargo,chevrolet
classic,chevrolet
astro passenger,chevrolet
venture passenger,chevrolet
venture cargo,chevrolet
silverado 2500 extended cab,chevrolet
s10 crew cab,chevrolet
silverado 2500 crew cab,chevrolet
silverado 2500 regular cab,chevrolet
s10 extended cab,chevrolet
s10 regular cab,chevrolet
prizm,chevrolet
metro,chevrolet
2500 hd regular cab,chevrolet
2500 crew cab,chevrolet
2500 hd extended cab,chevrolet
3500 crew cab,chevrolet
3500 extended cab,chevrolet
3500 regular cab,chevrolet
tahoe (new),chevrolet
1500 extended cab,chevrolet
2500 regular cab,chevrolet
g-series 1500,chevrolet
1500 regular cab,chevrolet
2500 extended cab,chevrolet
g-series 3500,chevrolet
g-series 2500,chevrolet
beretta,chevrolet
g-series g30,chevrolet
lumina passenger,chevrolet
sportvan g30,chevrolet
corsica,chevrolet
lumina cargo,chevrolet
caprice classic,chevrolet
3500 hd extended cab,chevrolet
g-series g20,chevrolet
g-series g10,chevrolet
3500 hd regular cab,chevrolet
sportvan g20,chevrolet
s10 blazer,chevrolet
lumina apv,chevrolet
sportvan g10,chevrolet
apv cargo,chevrolet
town and country,chrysler
chrysler 300,chrysler
chrysler 200,chrysler
pacifica,chrysler
cruiser,chrysler
sebring,chrysler
300m,chrysler
lx,chrysler
chryslers,chrysler
voyager,chrysler
pacifica hybrid,chrysler
300,chrysler
200,chrysler
town & country,chrysler
pt cruiser,chrysler
aspen,chrysler
crossfire,chrysler
concorde,chrysler
prowler,chrysler
lhs,chrysler
cirrus,chrysler
grand voyager,chrysler
new yorker,chrysler
lebaron,chrysler
fifth ave,chrysler
imperial,chrysler
nubira,daewoo
leganza,daewoo
rocky,daihatsu
charade,daihatsu
challenger,dodge
intrepid,dodge
avenger,dodge
charger,dodge
durango,dodge
journey,dodge
caliber,dodge
stealth,dodge
magnum,dodge
viper,dodge
dart,dodge
ram,dodge
grand caravan passenger,dodge
grand caravan cargo,dodge
nitro,dodge
ram 2500 regular cab,dodge
ram 1500 quad cab,dodge
dakota extended cab,dodge
ram 1500 crew cab,dodge
dakota crew cab,dodge
ram 2500 mega cab,dodge
ram 1500 regular cab,dodge
ram 3500 crew cab,dodge
ram 2500 crew cab,dodge
ram 3500 mega cab,dodge
ram 3500 regular cab,dodge
ram 3500 quad cab,dodge
ram 2500 quad cab,dodge
sprinter 2500 cargo,dodge
sprinter 2500 passenger,dodge
ram 1500 mega cab,dodge
sprinter 3500 cargo,dodge
caravan passenger,dodge
caravan cargo,dodge
dakota quad cab,dodge
dakota club cab,dodge
stratus,dodge
neon,dodge
dakota regular cab,dodge
ram van 1500,dodge
ram van 2500,dodge
ram van 3500,dodge
ram wagon 2500,dodge
ram wagon 1500,dodge
ram wagon 3500,dodge
ram 1500 club cab,dodge
ram 2500 club cab,dodge
ram 3500 club cab,dodge
spirit,dodge
ram van b250,dodge
ram wagon b350,dodge
colt,dodge
ram van b150,dodge
ram van b350,dodge
ram wagon b150,dodge
shadow,dodge
ram wagon b250,dodge
d350 club cab,dodge
d250 club cab,dodge
d150 club cab,dodge
d350 regular cab,dodge
d150 regular cab,dodge
d250 regular cab,dodge
ram 50 regular cab,dodge
daytona,dodge
ramcharger,dodge
monaco,dodge
talon,eagle
vision,eagle
summit,eagle
premier,eagle
gtc4lusso,ferrari
488 gtb,ferrari
812 superfast,ferrari
portofino,ferrari
488 spider,ferrari
f12berlinetta,ferrari
california,ferrari
ff,ferrari
458 italia,ferrari
458 speciale,ferrari
458 spider,ferrari
599 gtb fiorano,ferrari
599 gto,ferrari
612 scaglietti,ferrari
430 scuderia,ferrari
f430,ferrari
500l,fiat
500e,fiat
500,fiat
500c,fiat
500 abarth,fiat
124 spider,fiat
500x,fiat
500c abarth,fiat
karma,fisker
crownvictoria,ford
expedition,ford
supervan,ford
freestar,ford
explorer,ford
mustang,ford
ecoline,ford
tourneo,ford
everest,ford
fiesta,ford
fusion,ford
taurus,ford
galaxy,ford
escape,ford
focus,ford
f-150,ford
c-max,ford
s-max,ford
kuga,ford
cmax,ford
f150,ford
fords,ford
fusions,ford
fusionmilan,ford
ecosport,ford
edge,ford
f150 supercrew cab,ford
ranger supercab,ford
expedition max,ford
ranger supercrew,ford
f150 super cab,ford
f250 super duty regular cab,ford
f150 regular cab,ford
f450 super duty crew cab,ford
f350 super duty crew cab,ford
f250 super duty crew cab,ford
f350 super duty super cab,ford
flex,ford
transit 150 van,ford
fusion energi,ford
transit connect cargo,ford
transit 150 wagon,ford
transit 350 van,ford
f250 super duty super cab,ford
transit 250 van,ford
transit 350 wagon,ford
transit connect passenger,ford
c-max hybrid,ford
f350 super duty regular cab,ford
transit 350 hd van,ford
c-max energi,ford
expedition el,ford
focus st,ford
e350 super duty cargo,ford
e150 passenger,ford
e150 cargo,ford
e250 cargo,ford
e350 super duty passenger,ford
crown victoria,ford
ranger super cab,ford
ranger regular cab,ford
e150 super duty passenger,ford
explorer sport trac,ford
taurus x,ford
e250 super duty cargo,ford
e150 super duty cargo,ford
freestar cargo,ford
five hundred,ford
freestar passenger,ford
freestyle,ford
gt,ford
excursion,ford
thunderbird,ford
f150 (heritage) super cab,ford
f150 (heritage) regular cab,ford
explorer sport,ford
windstar cargo,ford
zx2,ford
windstar passenger,ford
econoline e250 cargo,ford
econoline e350 super duty passenger,ford
econoline e150 cargo,ford
econoline e150 passenger,ford
econoline e350 super duty cargo,ford
escort,ford
contour,ford
econoline e350 cargo,ford
f250 regular cab,ford
f250 super cab,ford
club wagon,ford
aerostar passenger,ford
aspire,ford
aerostar cargo,ford
probe,ford
f350 crew cab,ford
f350 regular cab,ford
f250 crew cab,ford
f350 super cab,ford
bronco,ford
tempo,ford
festiva,ford
bronco sport,ford
transit connect cargo van,ford
sprinter 2500 cargo,freightliner
sprinter 2500 crew,freightliner
sprinter 3500 cargo,freightliner
sprinter worker cargo,freightliner
sprinter 3500xd cargo,freightliner
sprinter 2500 passenger,freightliner
sprinter worker passenger,freightliner
g70,genesis
g80,genesis
g90,genesis
gv80,genesis
metro,geo
prizm,geo
storm,geo
sierra 2500 hd crew cab,gmc
sierra 3500 hd crew cab,gmc
terrain,gmc
sierra 1500 crew cab,gmc
yukon xl,gmc
yukon,gmc
acadia,gmc
canyon crew cab,gmc
sierra 1500 double cab,gmc
sierra 1500 limited double cab,gmc
sierra 2500 hd double cab,gmc
sierra 2500 hd regular cab,gmc
canyon extended cab,gmc
sierra 1500 regular cab,gmc
savana 2500 passenger,gmc
savana 3500 passenger,gmc
savana 3500 cargo,gmc
savana 2500 cargo,gmc
sierra 3500 hd double cab,gmc
sierra 3500 hd regular cab,gmc
acadia limited,gmc
savana 1500 cargo,gmc
savana 1500 passenger,gmc
yukon xl 1500,gmc
sierra 3500 hd extended cab,gmc
sierra 1500 extended cab,gmc
yukon xl 2500,gmc
sierra 2500 hd extended cab,gmc
canyon regular cab,gmc
envoy,gmc
sierra (classic) 1500 hd crew cab,gmc
sierra (classic) 3500 crew cab,gmc
sierra (classic) 1500 crew cab,gmc
sierra (classic) 1500 extended cab,gmc
sierra (classic) 2500 hd crew cab,gmc
sierra (classic) 1500 regular cab,gmc
sierra (classic) 3500 extended cab,gmc
sierra (classic) 3500 regular cab,gmc
sierra (classic) 2500 hd extended cab,gmc
sierra (classic) 2500 hd regular cab,gmc
envoy xl,gmc
sierra 3500 crew cab,gmc
sierra 1500 hd crew cab,gmc
sierra 3500 extended cab,gmc
sierra 3500 regular cab,gmc
envoy xuv,gmc
safari cargo,gmc
safari passenger,gmc
sierra 2500 regular cab,gmc
sonoma crew cab,gmc
sierra 2500 crew cab,gmc
sierra 2500 extended cab,gmc
sonoma extended cab,gmc
sonoma regular cab,gmc
jimmy,gmc
yukon denali,gmc
sierra (classic) 2500 crew cab,gmc
2500 crew cab,gmc
3500 regular cab,gmc
1500 club coupe,gmc
3500 extended cab,gmc
2500 hd regular cab,gmc
2500 hd extended cab,gmc
3500 crew cab,gmc
suburban 2500,gmc
suburban 1500,gmc
2500 club coupe,gmc
2500 regular cab,gmc
1500 regular cab,gmc
3500 club coupe,gmc
sonoma club coupe cab,gmc
2500 hd club coupe,gmc
rally wagon g3500,gmc
vandura g3500,gmc
rally wagon g2500,gmc
vandura g2500,gmc
vandura g1500,gmc
rally wagon 2500,gmc
rally wagon 3500,gmc
vandura 1500,gmc
vandura 3500,gmc
vandura 2500,gmc
rally wagon 1500,gmc
sonoma club cab,gmc
hummer ev,gmc
crosstour,honda
ridgeline,honda
inspire,honda
mobilio,honda
prelude,honda
shuttle,honda
spirior,honda
stepwgn,honda
crider,honda
insight,honda
legend,honda
odyssey,honda
stream,honda
amaze,honda
hobio,honda
n-box,honda
n-one,honda
n-wgn,honda
pilot,honda
vamos,honda
vezel,honda
spike,honda
acty,honda
brio,honda
city,honda
civic,honda
cr-v,honda
freed,honda
jade,honda
zest,honda
aria,honda
ex-l,honda
cr-z,honda
jazz,honda
nsx,honda
nbox,honda
exl,honda
fcx,honda
5dr,honda
crv,honda
pilot,honda
accord,honda
hondas,honda
accords,honda
odessey,honda
crosstour,honda
accord hybrid,honda
passport,honda
hr-v,honda
clarity electric,honda
civic type r,honda
clarity fuel cell,honda
clarity plug-in hybrid,honda
fit,honda
accord crosstour,honda
element,honda
s2000,honda
del sol,honda
cr-v hybrid,honda
h3t,hummer
h3,hummer
h2,hummer
h1,hummer
hyundaikia,hyundai
centennial,hyundai
grandeur,hyundai
veloster,hyundai
elantra,hyundai
genesis,hyundai
tiburon,hyundai
tuscani,hyundai
dynasty,hyundai
santamo,hyundai
stellar,hyundai
accent,hyundai
lantra,hyundai
avante,hyundai
santro,hyundai
sonata,hyundai
scoupe,hyundai
matrix,hyundai
lavity,hyundai
verna,hyundai
equus,hyundai
azera,hyundai
tucson,hyundai
xcent,hyundai
click,hyundai
atos,hyundai
atoz,hyundai
ix20,hyundai
getz,hyundai
pony,hyundai
i10,hyundai
i20,hyundai
i30,hyundai
i40,hyundai
i45,hyundai
xg,hyundai
santa,hyundai
santa fe,hyundai
sonatas,hyundai
sonata,hyundai
hyundais,hyundai
veracruz,hyundai
excel,hyundai
kona electric,hyundai
nexo,hyundai
elantra gt,hyundai
kona,hyundai
palisade,hyundai
venue,hyundai
ioniq plug-in hybrid,hyundai
ioniq electric,hyundai
sonata hybrid,hyundai
ioniq hybrid,hyundai
sonata plug-in hybrid,hyundai
santa fe xl,hyundai
santa fe sport,hyundai
tucson fuel cell,hyundai
genesis coupe,hyundai
entourage,hyundai
xg350,hyundai
xg300,hyundai
qx50,infiniti
qx60,infiniti
qx70,infiniti
fx35,infiniti
q50,infiniti
q60,infiniti
q70,infiniti
g37,infiniti
g25,infiniti
6mt,infiniti
qx80,infiniti
qx30,infiniti
q40,infiniti
ex,infiniti
qx,infiniti
g,infiniti
jx,infiniti
fx,infiniti
m,infiniti
q,infiniti
i,infiniti
j,infiniti
i-370 extended cab,isuzu
i-290 extended cab,isuzu
ascender,isuzu
i-370 crew cab,isuzu
i-350 crew cab,isuzu
i-280 extended cab,isuzu
axiom,isuzu
rodeo,isuzu
rodeo sport,isuzu
trooper,isuzu
vehicross,isuzu
amigo,isuzu
hombre spacecab,isuzu
hombre regular cab,isuzu
oasis,isuzu
regular cab,isuzu
spacecab,isuzu
stylus,isuzu
impulse,isuzu
e-pace,jaguar
i-pace,jaguar
f-pace,jaguar
f-type,jaguar
xe,jaguar
xf,jaguar
xj,jaguar
xk,jaguar
s-type,jaguar
x-type,jaguar
gladiator,jeep
compass,jeep
cherokee,jeep
grand cherokee,jeep
renegade,jeep
wrangler,jeep
wrangler unlimited,jeep
patriot,jeep
commander,jeep
comanche regular cab,jeep
grand cherokee l,jeep
grand wagoneer,jeep
cadenza,kia
sorento,kia
sedona,kia
forte,kia
koup,kia
k900,kia
kias,kia
optima,kia
rio,kia
sportage,kia
optima hybrid,kia
optima plug-in hybrid,kia
telluride,kia
soul,kia
stinger,kia
niro,kia
niro plug-in hybrid,kia
niro ev,kia
soul ev,kia
forte5,kia
forte koup,kia
rondo,kia
amanti,kia
borrego,kia
spectra,kia
optima (2006.5),kia
sephia,kia
k5,kia
seltos,kia
huracan,lamborghini
aventador,lamborghini
gallardo,lamborghini
murcielago,lamborghini
murcielago lp640,lamborghini
discovery sport,land rover
range rover evoque,land rover
range rover sport,land rover
range rover,land rover
discovery,land rover
range rover velar,land rover
lr4,land rover
lr2,land rover
lr3,land rover
freelander,land rover
discovery series ii,land rover
defender 90,land rover
defender 110,land rover
es,lexus
lc,lexus
rc,lexus
gx,lexus
is,lexus
gs,lexus
ls,lexus
ux,lexus
nx,lexus
rx,lexus
ct,lexus
hs,lexus
lfa,lexus
is f,lexus
sc,lexus
navigator,lincoln
town car,lincoln
zephyr,lincoln
mkz,lincoln
mks,lincoln
mkx,lincoln
mkc,lincoln
mkt,lincoln
aviator,lincoln
corsair,lincoln
navigator l,lincoln
nautilus,lincoln
continental,lincoln
mark lt,lincoln
ls,lincoln
blackwood,lincoln
mark viii,lincoln
mark vii,lincoln
evora 400,lotus
evora,lotus
elise,lotus
exige,lotus
exige s,lotus
levante,maserati
ghibli,maserati
quattroporte,maserati
granturismo,maserati
gransport,maserati
coupe,maserati
62,maybach
57,maybach
az-offroad,mazda
az-wagon,mazda
familia,mazda
premacy,mazda
biante,mazda
carol,mazda
scrum,mazda
mazda2,mazda
mazda3,mazda
mazda5,mazda
atenza,mazda
mazda6,mazda
mazda8,mazda
bongo,mazda
demio,mazda
axela,mazda
rx-8,mazda
cx-7,mazda
bt-50,mazda
rx-8,mazda
mx-5,mazda
cx-5,mazda
cx-9,mazda
6i,mazda
cx9,mazda
cx5,mazda
rx8,mazda
mazdas,mazda
mazda6s,mazda
mazda6i,mazda
cx-30,mazda
mx-5 miata rf,mazda
mx-5 miata,mazda
cx-3,mazda
tribute,mazda
b-series regular cab,mazda
b-series extended cab,mazda
mpv,mazda
b-series cab plus,mazda
protege5,mazda
protege,mazda
626,mazda
millenia,mazda
mx-6,mazda
mx-3,mazda
929,mazda
rx-7,mazda
323,mazda
navajo,mazda
570gt,mclaren
720s,mclaren
570s,mclaren
650s,mclaren
675lt,mclaren
mp4-12c,mclaren
mercedes-benz,mercedes
benz,mercedes
cl-class,mercedes
c-class,mercedes
e-class,mercedes
s-class,mercedes
mercedesbenz,mercedes
gls,mercedes-benz
cla,mercedes-benz
g-class,mercedes-benz
gla,mercedes-benz
gle,mercedes-benz
glc,mercedes-benz
a-class,mercedes-benz
mercedes-amg c-class,mercedes-benz
cls,mercedes-benz
mercedes-amg cla,mercedes-benz
glc coupe,mercedes-benz
mercedes-amg cls,mercedes-benz
mercedes-amg e-class,mercedes-benz
mercedes-amg gle,mercedes-benz
mercedes-amg g-class,mercedes-benz
mercedes-amg gla,mercedes-benz
mercedes-amg s-class,mercedes-benz
sl,mercedes-benz
mercedes-amg gt,mercedes-benz
metris passenger,mercedes-benz
mercedes-amg gle coupe,mercedes-benz
mercedes-maybach s-class,mercedes-benz
mercedes-amg glc coupe,mercedes-benz
sprinter 2500 cargo,mercedes-benz
metris cargo,mercedes-benz
slc,mercedes-benz
mercedes-amg slc,mercedes-benz
mercedes-amg glc,mercedes-benz
mercedes-amg sl,mercedes-benz
mercedes-amg gls,mercedes-benz
sprinter 2500 crew,mercedes-benz
metris worker cargo,mercedes-benz
metris worker passenger,mercedes-benz
sprinter 3500 xd cargo,mercedes-benz
sprinter 2500 passenger,mercedes-benz
sprinter worker cargo,mercedes-benz
sprinter 3500 cargo,mercedes-benz
b-class,mercedes-benz
sprinter worker passenger,mercedes-benz
cls-class,mercedes-benz
gl-class,mercedes-benz
gle coupe,mercedes-benz
mercedes-maybach s 600,mercedes-benz
slk,mercedes-benz
mercedes-amg slk,mercedes-benz
m-class,mercedes-benz
cla-class,mercedes-benz
glk-class,mercedes-benz
gla-class,mercedes-benz
sls-class,mercedes-benz
sl-class,mercedes-benz
slk-class,mercedes-benz
r-class,mercedes-benz
clk-class,mercedes-benz
slr mclaren,mercedes-benz
300 e,mercedes-benz
190 e,mercedes-benz
300 d,mercedes-benz
300 sd,mercedes-benz
300 ce,mercedes-benz
500 sel,mercedes-benz
400 sel,mercedes-benz
500 sl,mercedes-benz
500 e,mercedes-benz
300 sl,mercedes-benz
600 sec,mercedes-benz
300 te,mercedes-benz
400 e,mercedes-benz
300 se,mercedes-benz
600 sl,mercedes-benz
600 sel,mercedes-benz
500 sec,mercedes-benz
400 se,mercedes-benz
glb,mercedes-benz
milan,mercury
mercury,mercury
mariner,mercury
grand marquis,mercury
mountaineer,mercury
sable,mercury
montego,mercury
monterey,mercury
marauder,mercury
villager,mercury
cougar,mercury
mystique,mercury
tracer,mercury
capri,mercury
topaz,mercury
countryman,mini
convertible,mini
hardtop 2 door,mini
hardtop 4 door,mini
clubman,mini
paceman,mini
coupe,mini
roadster,mini
hardtop,mini
cooper,mini
galant,mitsubishi
lancer,mitsubishi
outlander sport,mitsubishi
eclipse cross,mitsubishi
mirage g4,mitsubishi
mirage,mitsubishi
outlander,mitsubishi
outlander phev,mitsubishi
i-miev,mitsubishi
lancer evolution,mitsubishi
eclipse,mitsubishi
endeavor,mitsubishi
raider double cab,mitsubishi
raider extended cab,mitsubishi
montero,mitsubishi
diamante,mitsubishi
montero sport,mitsubishi
3000gt,mitsubishi
mighty max regular cab,mitsubishi
expo,mitsubishi
mighty max macro cab,mitsubishi
precis,mitsubishi
pathfinder,nissan
frontier,nissan
sentra,nissan
altima,nissan
maxima,nissan
murano,nissan
armada,nissan
xterra,nissan
versa,nissan
rogue,nissan
titan,nissan
cube,nissan
juke,nissan
leaf,nissan
370z,nissan
altimas,nissan
nissans,nissan
quest,nissan
kicks,nissan
nv3500 hd passenger,nissan
nv1500 cargo,nissan
gt-r,nissan
nv3500 hd cargo,nissan
nv200,nissan
rogue sport,nissan
nv2500 hd cargo,nissan
titan xd crew cab,nissan
titan crew cab,nissan
frontier king cab,nissan
frontier crew cab,nissan
titan single cab,nissan
nv200 taxi,nissan
titan king cab,nissan
titan xd single cab,nissan
versa note,nissan
titan xd king cab,nissan
rogue select,nissan
350z,nissan
pathfinder armada,nissan
frontier regular cab,nissan
200sx,nissan
240sx,nissan
regular cab,nissan
king cab,nissan
300zx,nissan
nx,nissan
stanza,nissan
bravada,oldsmobile
alero,oldsmobile
silhouette,oldsmobile
aurora,oldsmobile
intrigue,oldsmobile
cutlass,oldsmobile
lss,oldsmobile
88,oldsmobile
achieva,oldsmobile
regency,oldsmobile
cutlass supreme,oldsmobile
ciera,oldsmobile
98,oldsmobile
cutlass ciera,oldsmobile
cutlass cruiser,oldsmobile
toronado,oldsmobile
custom cruiser,oldsmobile
esperante,panoz
neon,plymouth
grand voyager,plymouth
breeze,plymouth
voyager,plymouth
prowler,plymouth
acclaim,plymouth
laser,plymouth
colt,plymouth
colt vista,plymouth
sundance,plymouth
2,polestar
streamliner,pontiac
grand prix,pontiac
grand am,pontiac
sunfire,pontiac
torpedo,pontiac
aztek,pontiac
vibe,pontiac
wave,pontiac
vibe,pontiac
gxp,pontiac
gto,pontiac
g6,pontiac
g3,pontiac
g4,pontiac
g5,pontiac
g6,pontiac
g8,pontiac
g6 (2009.5),pontiac
solstice,pontiac
torrent,pontiac
montana sv6,pontiac
bonneville,pontiac
firebird,pontiac
trans sport,pontiac
sunbird,pontiac
lemans,pontiac
panamera,porsche
taycan,porsche
911,porsche
macan,porsche
cayenne coupe,porsche
cayenne,porsche
718 boxster,porsche
718 cayman,porsche
cayman,porsche
boxster,porsche
carrera gt,porsche
968,porsche
928,porsche
718 spyder,porsche
problems,problem
3500 crew cab,ram
1500 crew cab,ram
2500 crew cab,ram
2500 mega cab,ram
1500 classic quad cab,ram
1500 classic crew cab,ram
1500 classic regular cab,ram
1500 quad cab,ram
2500 regular cab,ram
3500 mega cab,ram
promaster cargo van,ram
promaster city,ram
promaster window van,ram
3500 regular cab,ram
1500 regular cab,ram
c/v tradesman,ram
promaster 3500 cargo,ram
promaster 2500 cargo,ram
promaster 1500 cargo,ram
c/v,ram
dakota crew cab,ram
dakota extended cab,ram
r1s,rivian
r1t,rivian
ghost,rolls-royce
wraith,rolls-royce
dawn,rolls-royce
phantom,rolls-royce
9-4x,saab
44807,saab
44809,saab
9-7x,saab
9-2x,saab
900,saab
9000,saab
aura,saturn
vue,saturn
outlook,saturn
sky,saturn
astra,saturn
relay,saturn
ion,saturn
l-series,saturn
s-series,saturn
ia,scion
tc,scion
im,scion
fr-s,scion
xb,scion
xd,scion
xa,scion
seats,seat
sedans,sedan
fortwo electric drive,smart
fortwo electric drive cabrio,smart
fortwo cabrio,smart
fortwo,smart
outback sport,subaru
grand wagon,subaru
impreza xv,subaru
crosstrek,subaru
lancaster,subaru
forester,subaru
impreza,subaru
tribeca,subaru
liberty,subaru
outback,subaru
gravel,subaru
legacy,subaru
sambar,subaru
stella,subaru
exiga,subaru
pleo,subaru
brz,subaru
wrx,subaru
dex,subaru
r1,subaru
r2,subaru
ascent,subaru
xv crosstrek,subaru
b9 tribeca,subaru
baja,subaru
svx,subaru
loyale,subaru
justy,subaru
every landy,suzuki
cappuccino,suzuki
mighty boy,suzuki
geo metro,suzuki
mr wagon,suzuki
palette,suzuki
wagon r,suzuki
kizashi,suzuki
equator,suzuki
splash,suzuki
ertiga,suzuki
cultus,suzuki
esteem,suzuki
fronte,suzuki
escudo,suzuki
lapin,suzuki
solio,suzuki
swift,suzuki
landy,suzuki
jimny,suzuki
aerio,suzuki
liana,suzuki
cervo,suzuki
forsa,suzuki
ignis,suzuki
x-90,suzuki
xl7,suzuki
sx4,suzuki
apv,suzuki
grand vitara,suzuki
equator extended cab,suzuki
equator crew cab,suzuki
reno,suzuki
forenza,suzuki
xl-7,suzuki
verona,suzuki
vitara,suzuki
sidekick,suzuki
samurai,suzuki
model x,tesla
model 3,tesla
model s,tesla
camrybest,toyota
corolla/sprinter,toyota
urban cruiser,toyota
land cruiser,toyota
highlander,toyota
fj cruiser,toyota
hilux surf,toyota
fortuner,toyota
stallion,toyota
vanguard,toyota
4runner,toyota
alphard,toyota
avensis,toyota
century,toyota
coaster,toyota
comfort,toyota
granvia,toyota
liteace,toyota
scepter,toyota
sequoia,toyota
succeed,toyota
townace,toyota
toyoace,toyota
venture,toyota
allion,toyota
aurion,toyota
avalon,toyota
avanza,toyota
condor,toyota
fiedler,toyota
majesta,toyota
estima,toyota
hiclass,toyota
innova,toyota
kijang,toyota
kingdom,toyota
kluger,toyota
matrix,toyota
miniace,toyota
picnic,toyota
premio,toyota
probox,toyota
qualis,toyota
ractis,toyota
sienna,toyota
sienta,toyota
sparky,toyota
tacoma,toyota
tamaraw,toyota
tarago,toyota
tundra,toyota
vienta,toyota
auris,toyota
belta,toyota
camry,toyota
carri,toyota
rumion,toyota
etios,toyota
hilux,toyota
hiace,toyota
mark x,toyota
passo,toyota
porte,toyota
prius,toyota
sofia,toyota
tiara,toyota
venza,toyota
verso,toyota
yaris,toyota
zelas,toyota
aygo,toyota
cami,toyota
dyna,toyota
isis,toyota
nadia,toyota
noah,toyota
raum,toyota
rav4,toyota
reiz,toyota
vios,toyota
voxy,toyota
platz,toyota
axio,toyota
ist,toyota
sai,toyota
vitz,toyota
echo,toyota
bb,toyota
iq,toyota
zio,toyota
camry,toyota
prius,toyota
venza,toyota
camrys,toyota
avalon,toyota
solara,toyota
corolla,toyota
toyotas,toyota
highlander,toyota
corolla hatchback,toyota
86,toyota
avalon hybrid,toyota
c-hr,toyota
camry hybrid,toyota
corolla hybrid,toyota
gr supra,toyota
prius prime,toyota
tacoma access cab,toyota
rav4 hybrid,toyota
highlander hybrid,toyota
tundra double cab,toyota
tacoma double cab,toyota
tundra crewmax,toyota
yaris hatchback,toyota
mirai,toyota
prius c,toyota
corolla im,toyota
yaris ia,toyota
prius v,toyota
tundra regular cab,toyota
prius plug-in hybrid,toyota
tacoma regular cab,toyota
tundra access cab,toyota
celica,toyota
mr2,toyota
tacoma xtracab,toyota
supra,toyota
t100 regular cab,toyota
t100 xtracab,toyota
tercel,toyota
paseo,toyota
previa,toyota
regular cab,toyota
xtra cab,toyota
cressida,toyota
rav4 prime,toyota
sportwagen,volkswagen
touraeg,volkswagen
passat,volkswagen
tiguan,volkswagen
beetle,volkswagen
rabbit,volkswagen
jetta,volkswagen
golf,volkswagen
gti,volkswagen
eos,volkswagen
volkwagen,volkswagen
vw,volkswagen
vws,volkswagen
passats,volkswagen
atlas,volkswagen
golf sportwagen,volkswagen
arteon,volkswagen
e-golf,volkswagen
golf gti,volkswagen
jetta gli,volkswagen
golf alltrack,volkswagen
golf r,volkswagen
tiguan limited,volkswagen
cc,volkswagen
touareg,volkswagen
routan,volkswagen
jetta sportwagen,volkswagen
new beetle,volkswagen
touareg 2,volkswagen
gli,volkswagen
r32,volkswagen
phaeton,volkswagen
jetta (new),volkswagen
eurovan,volkswagen
cabrio,volkswagen
passat (new),volkswagen
cabrio (new),volkswagen
golf (new),volkswagen
gti (new),volkswagen
golf iii,volkswagen
jetta iii,volkswagen
corrado,volkswagen
cabriolet,volkswagen
fox,volkswagen
atlas cross sport,volkswagen
xc60,volvo
xc70,volvo
xc90,volvo
s60,volvo
s80,volvo
v60,volvo
c70,volvo
xc40,volvo
v90,volvo
s90,volvo
c30,volvo
v50,volvo
s40,volvo
v70,volvo
s40 (new),volvo
v40,volvo
s70,volvo
850,volvo
960,volvo
940,volvo
240,volvo
740,volvo
maverick,ford
lariat,ford
x-5,bmw
35i,bmw
ml350,mercedes
xlt0,ford
